{"cameraMode":{"drawMode":0,"name":"Shaded","section":"Shading Mode"},"sceneLighting":false,"audioPlay":false,"sceneViewState":{"m_AlwaysRefresh":false,"showFog":true,"showSkybox":false,"showFlares":true,"showImageEffects":true,"showParticleSystems":true,"showVisualEffectGraphs":true,"m_FxEnabled":true},"in2DMode":false,"pivot":{"x":0.7718350887298584,"y":-0.9759208559989929,"z":-0.6175634860992432},"rotation":{"x":0.18413639068603517,"y":0.6917405128479004,"z":-0.18935762345790864,"w":0.6720433831214905},"size":0.5301103591918945,"orthographic":false}